ATE,RPE trans,RPE rot,infer_time
0.5869866488057917,0.35292844828720454,4.314199045395569,289.36783361434937
