Acc-mean,Acc-med,Comp-mean,Comp-med,NC-mean,NC-med,NC1-mean,NC1-med,NC2-mean,NC2-med,infer_time
0.2681506621413768,0.24060600110217045,0.7852347596061147,0.6505340422728542,0.5806050855465945,0.6224013588144899,0.5594271393279988,0.5873912283188558,0.6017830317651902,0.657411489310124,112.40795400407579
