Acc-mean,Acc-med,Comp-mean,Comp-med,NC-mean,NC-med,NC1-mean,NC1-med,NC2-mean,NC2-med,infer_time
0.25025462033336066,0.22718151014508983,0.6776230678111046,0.6314518530967255,0.6252235440230581,0.6743693846250524,0.6182022174757592,0.6641544665061093,0.6322448705703568,0.684584302743995,21.852279318703545
