Acc-mean,Acc-med,Comp-mean,Comp-med,NC-mean,NC-med,NC1-mean,NC1-med,NC2-mean,NC2-med,infer_time
0.22444388610838648,0.18105969843446187,0.5492238199336321,0.4402720706267863,0.6041532513111849,0.6490576801778347,0.5883503909439516,0.6278693403773992,0.6199561116784185,0.6702460199782705,21.396254830890232
