Acc-mean,Acc-med,Comp-mean,Comp-med,NC-mean,NC-med,NC1-mean,NC1-med,NC2-mean,NC2-med,infer_time
0.23322285139198456,0.20886900664244923,0.7299840752934026,0.57461299991269,0.5800686789809412,0.6283377270867126,0.5581298845441528,0.5845632823700404,0.6020074734177298,0.6721121718033849,124.04765439033508
