ATE,RPE trans,RPE rot,infer_time
0.6603431154578411,0.24382928415688848,4.631430791800333,252.74223388944353
