Acc-mean,Acc-med,Comp-mean,Comp-med,NC-mean,NC-med,NC1-mean,NC1-med,NC2-mean,NC2-med,infer_time
0.16556867787003232,0.11558795964510961,0.4402427610811791,0.36810708817029947,0.6353065579374653,0.726682141009126,0.6212167049110255,0.7012553372488823,0.6493964109639049,0.7521089447693696,108.14500673611958
