Acc-mean,Acc-med,Comp-mean,Comp-med,NC-mean,NC-med,NC1-mean,NC1-med,NC2-mean,NC2-med,infer_time
0.23986431288328658,0.1871169977238751,0.39401192336198215,0.3205766425857112,0.6556851690554767,0.7423484333043477,0.6426824247249809,0.7192052997111938,0.6686879133859721,0.7654915668975016,21.757866356107925
