Acc-mean,Acc-med,Comp-mean,Comp-med,NC-mean,NC-med,NC1-mean,NC1-med,NC2-mean,NC2-med,infer_time
0.011996010451644534,0.006626037636294028,0.014372474183308007,0.005702697170789179,0.8832281870007251,0.9856350933853424,0.8845200235470592,0.98566325579356,0.8819363504543913,0.9856069309771246,140.16667487886218
