Acc-mean,Acc-med,Comp-mean,Comp-med,NC-mean,NC-med,NC1-mean,NC1-med,NC2-mean,NC2-med,infer_time
0.030301852990198528,0.01780633893198956,0.031985951253720835,0.016186798403094154,0.9077047904218544,0.9939071126796938,0.9101584643445632,0.9937380018021904,0.9052511164991456,0.9940762235571969,20.602673212687176
