ATE,RPE trans,RPE rot,infer_time
0.25599926816046,0.17362576279460068,1.1593103428537117,231.31554641042436
