Acc-mean,Acc-med,Comp-mean,Comp-med,NC-mean,NC-med,NC1-mean,NC1-med,NC2-mean,NC2-med,infer_time
0.23971229355270848,0.19805513380661624,0.7739789702850319,0.6672671614105107,0.623902495540858,0.6647174000204683,0.5977653957681449,0.6239053708212974,0.6500395953135709,0.7055294292196393,22.344690084457397
