Acc-mean,Acc-med,Comp-mean,Comp-med,NC-mean,NC-med,NC1-mean,NC1-med,NC2-mean,NC2-med,infer_time
0.2297637624923784,0.20755853153435674,0.7553011226201239,0.6128887593254961,0.5804769857603083,0.6139939043980402,0.5559697596934768,0.5781730803676415,0.6049842118271398,0.6498147284284387,100.11257820659213
