ATE,RPE trans,RPE rot,infer_time
0.594820518635393,0.27855547333754116,3.0098897860183143,196.51611319610052
