ATE,RPE trans,RPE rot,infer_time
0.12518229292482744,0.041143714298147206,0.2943547498091097,384.8707504272461
