ATE,RPE trans,RPE rot,infer_time
0.1206570553109355,0.05762189082737627,0.4428908502936853,227.2682648897171
