Acc-mean,Acc-med,Comp-mean,Comp-med,NC-mean,NC-med,NC1-mean,NC1-med,NC2-mean,NC2-med,infer_time
0.03711450232019487,0.025380297423652366,0.029692908077956232,0.013155156093441612,0.8149926601384441,0.9566083444599661,0.8228617287646954,0.9595811990416494,0.8071235915121927,0.9536354898782827,102.61193943023682
