Acc-mean,Acc-med,Comp-mean,Comp-med,NC-mean,NC-med,NC1-mean,NC1-med,NC2-mean,NC2-med,infer_time
0.06241179401466087,0.03917631223437569,0.08413552049724975,0.05017900208176614,0.8290860009113671,0.9630065096888105,0.8319881963999363,0.965769040468514,0.8261838054227981,0.9602439789091071,21.871500783496433
