Acc-mean,Acc-med,Comp-mean,Comp-med,NC-mean,NC-med,NC1-mean,NC1-med,NC2-mean,NC2-med,infer_time
0.24810465027728115,0.22450486411242407,0.7581739199577889,0.5957806303687057,0.577465994579723,0.6156665511751689,0.5696911108249543,0.6039920799612807,0.5852408783344916,0.6273410223890571,90.96373799112108
