Acc-mean,Acc-med,Comp-mean,Comp-med,NC-mean,NC-med,NC1-mean,NC1-med,NC2-mean,NC2-med,infer_time
0.24604645066889055,0.20594338785906066,0.7263693708667938,0.6265879314483386,0.6324313482641927,0.6863165872738456,0.6070860135735451,0.644231329894025,0.6577766829548405,0.7284018446536663,22.474153651131523
