ATE,RPE trans,RPE rot,infer_time
0.6494924856224954,0.21177403710506765,3.7890985414398135,203.87014666625433
